-- MySQL Script generated by MySQL Workbench
-- Sun Feb 12 18:56:19 2023
-- Model: New Model    Version: 1.0
-- MySQL Workbench Forward Engineering

SET @OLD_UNIQUE_CHECKS=@@UNIQUE_CHECKS, UNIQUE_CHECKS=0;
SET @OLD_FOREIGN_KEY_CHECKS=@@FOREIGN_KEY_CHECKS, FOREIGN_KEY_CHECKS=0;
SET @OLD_SQL_MODE=@@SQL_MODE, SQL_MODE='ONLY_FULL_GROUP_BY,STRICT_TRANS_TABLES,NO_ZERO_IN_DATE,NO_ZERO_DATE,ERROR_FOR_DIVISION_BY_ZERO,NO_ENGINE_SUBSTITUTION';

-- -----------------------------------------------------
-- Schema mydb
-- -----------------------------------------------------
DROP SCHEMA IF EXISTS `mydb` ;

-- -----------------------------------------------------
-- Schema mydb
-- -----------------------------------------------------
CREATE SCHEMA IF NOT EXISTS `mydb` DEFAULT CHARACTER SET utf8 ;
USE `mydb` ;

-- -----------------------------------------------------
-- Table `mydb`.`propietario`
-- -----------------------------------------------------
CREATE TABLE IF NOT EXISTS `mydb`.`propietario` (
  `cedula_propietario` VARCHAR(15) NOT NULL,
  `nombre_propietario` VARCHAR(50) NOT NULL,
  `correo_propietario` VARCHAR(45) NOT NULL,
  PRIMARY KEY (`cedula_propietario`))
ENGINE = InnoDB;


-- -----------------------------------------------------
-- Table `mydb`.`telefono_propietario`
-- -----------------------------------------------------
CREATE TABLE IF NOT EXISTS `mydb`.`telefono_propietario` (
  `cedula_propietario_telefono` VARCHAR(15) NOT NULL,
  `numero_telefono_propietario` VARCHAR(15) NOT NULL,
  PRIMARY KEY (`cedula_propietario_telefono`, `numero_telefono_propietario`),
  CONSTRAINT `numero_telefono_propietario`
    FOREIGN KEY (`cedula_propietario_telefono`)
    REFERENCES `mydb`.`propietario` (`cedula_propietario`)
    ON DELETE NO ACTION
    ON UPDATE NO ACTION)
ENGINE = InnoDB;


-- -----------------------------------------------------
-- Table `mydb`.`inmueble`
-- -----------------------------------------------------
CREATE TABLE IF NOT EXISTS `mydb`.`inmueble` (
  `id_inmueble` VARCHAR(15) NOT NULL,
  `disponibilidad_inmueble` VARCHAR(20) NOT NULL,
  `Estado_inmueble` VARCHAR(20) NOT NULL,
  `precio_alquiler` VARCHAR(30) NOT NULL,
  `precio_venta` VARCHAR(30) NOT NULL,
  `precio_propietario` VARCHAR(30) NOT NULL,
  `numero_pisos` VARCHAR(3) NOT NULL,
  `area` VARCHAR(10) NOT NULL,
  `estrato` VARCHAR(1) NOT NULL,
  `departamento_inmueble` VARCHAR(20) NOT NULL,
  `ciudad_inmueble` VARCHAR(20) NOT NULL,
  `comuna/barrio_inmueble` VARCHAR(20) NOT NULL,
  `codigo_postal_inmueble` VARCHAR(10) NOT NULL,
  `complemento_inmueble` VARCHAR(45) NOT NULL,
  PRIMARY KEY (`id_inmueble`))
ENGINE = InnoDB;


-- -----------------------------------------------------
-- Table `mydb`.`inmueble_propietario`
-- -----------------------------------------------------
CREATE TABLE IF NOT EXISTS `mydb`.`inmueble_propietario` (
  `id_inmueble_propietario` VARCHAR(15) NOT NULL,
  `cedula_propietario_inmueble` VARCHAR(15) NOT NULL,
  INDEX `id_inmueble_propietario_idx` (`id_inmueble_propietario` ASC) VISIBLE,
  INDEX `cedula_propietario_inmueble_idx` (`cedula_propietario_inmueble` ASC) VISIBLE,
  CONSTRAINT `id_inmueble_propietario`
    FOREIGN KEY (`id_inmueble_propietario`)
    REFERENCES `mydb`.`inmueble` (`id_inmueble`)
    ON DELETE NO ACTION
    ON UPDATE NO ACTION,
  CONSTRAINT `cedula_propietario_inmueble`
    FOREIGN KEY (`cedula_propietario_inmueble`)
    REFERENCES `mydb`.`propietario` (`cedula_propietario`)
    ON DELETE NO ACTION
    ON UPDATE NO ACTION)
ENGINE = InnoDB;


-- -----------------------------------------------------
-- Table `mydb`.`asesor`
-- -----------------------------------------------------
CREATE TABLE IF NOT EXISTS `mydb`.`asesor` (
  `cedula_asesor` VARCHAR(15) NOT NULL,
  `nombre_asesor` VARCHAR(50) NOT NULL,
  `salario_asesor` VARCHAR(10) NOT NULL,
  `correo_asesor` VARCHAR(45) NOT NULL,
  PRIMARY KEY (`cedula_asesor`))
ENGINE = InnoDB;


-- -----------------------------------------------------
-- Table `mydb`.`solicitud_visita`
-- -----------------------------------------------------
CREATE TABLE IF NOT EXISTS `mydb`.`solicitud_visita` (
  `id_visita` VARCHAR(15) NOT NULL,
  `fecha_visita` VARCHAR(30) NOT NULL,
  `id_inmueble_visita` VARCHAR(15) NOT NULL,
  `cedula_asesor_visita` VARCHAR(15) NOT NULL,
  PRIMARY KEY (`id_visita`),
  INDEX `id_inmueble_visita_idx` (`id_inmueble_visita` ASC) VISIBLE,
  INDEX `cedula_asesor_visita_idx` (`cedula_asesor_visita` ASC) VISIBLE,
  CONSTRAINT `id_inmueble_visita`
    FOREIGN KEY (`id_inmueble_visita`)
    REFERENCES `mydb`.`inmueble` (`id_inmueble`)
    ON DELETE NO ACTION
    ON UPDATE NO ACTION,
  CONSTRAINT `cedula_asesor_visita`
    FOREIGN KEY (`cedula_asesor_visita`)
    REFERENCES `mydb`.`asesor` (`cedula_asesor`)
    ON DELETE NO ACTION
    ON UPDATE NO ACTION)
ENGINE = InnoDB;


-- -----------------------------------------------------
-- Table `mydb`.`cliente`
-- -----------------------------------------------------
CREATE TABLE IF NOT EXISTS `mydb`.`cliente` (
  `cedula_cliente` VARCHAR(15) NOT NULL,
  `nombre_cliente` VARCHAR(50) NOT NULL,
  `correo_cliente` VARCHAR(45) NOT NULL,
  `ingresos` VARCHAR(10) NOT NULL,
  `ciudad_cliente` VARCHAR(20) NOT NULL,
  `complemento_cliente` VARCHAR(45) NOT NULL,
  PRIMARY KEY (`cedula_cliente`))
ENGINE = InnoDB;


-- -----------------------------------------------------
-- Table `mydb`.`telefono_cliente`
-- -----------------------------------------------------
CREATE TABLE IF NOT EXISTS `mydb`.`telefono_cliente` (
  `cedula_cliente_telefono` VARCHAR(15) NOT NULL,
  `numero_telefono_cliente` VARCHAR(15) NOT NULL,
  PRIMARY KEY (`cedula_cliente_telefono`, `numero_telefono_cliente`),
  CONSTRAINT `cedula_cliente_telefono`
    FOREIGN KEY (`cedula_cliente_telefono`)
    REFERENCES `mydb`.`cliente` (`cedula_cliente`)
    ON DELETE NO ACTION
    ON UPDATE NO ACTION)
ENGINE = InnoDB;


-- -----------------------------------------------------
-- Table `mydb`.`visita_cliente`
-- -----------------------------------------------------
CREATE TABLE IF NOT EXISTS `mydb`.`visita_cliente` (
  `id_visita_cliente` VARCHAR(15) NOT NULL,
  `cedula_cliente_visita` VARCHAR(15) NOT NULL,
  INDEX `id_visita_cliente_idx` (`id_visita_cliente` ASC) VISIBLE,
  INDEX `cedula_cliente_visita_idx` (`cedula_cliente_visita` ASC) VISIBLE,
  CONSTRAINT `id_visita_cliente`
    FOREIGN KEY (`id_visita_cliente`)
    REFERENCES `mydb`.`solicitud_visita` (`id_visita`)
    ON DELETE NO ACTION
    ON UPDATE NO ACTION,
  CONSTRAINT `cedula_cliente_visita`
    FOREIGN KEY (`cedula_cliente_visita`)
    REFERENCES `mydb`.`cliente` (`cedula_cliente`)
    ON DELETE NO ACTION
    ON UPDATE NO ACTION)
ENGINE = InnoDB;


-- -----------------------------------------------------
-- Table `mydb`.`alquiler`
-- -----------------------------------------------------
CREATE TABLE IF NOT EXISTS `mydb`.`alquiler` (
  `id_alquiler` VARCHAR(15) NOT NULL,
  `valor_alquiler` VARCHAR(30) NOT NULL,
  `id_inmueble_alquiler` VARCHAR(15) NOT NULL,
  `cedula_asesor_alquiler` VARCHAR(15) NOT NULL,
  PRIMARY KEY (`id_alquiler`),
  INDEX `id_inmueble_alquiler_idx` (`id_inmueble_alquiler` ASC) VISIBLE,
  INDEX `cedula_asesor_compra_idx` (`cedula_asesor_alquiler` ASC) VISIBLE,
  CONSTRAINT `id_inmueble_alquiler`
    FOREIGN KEY (`id_inmueble_alquiler`)
    REFERENCES `mydb`.`inmueble` (`id_inmueble`)
    ON DELETE NO ACTION
    ON UPDATE NO ACTION,
  CONSTRAINT `cedula_asesor_compra`
    FOREIGN KEY (`cedula_asesor_alquiler`)
    REFERENCES `mydb`.`asesor` (`cedula_asesor`)
    ON DELETE NO ACTION
    ON UPDATE NO ACTION)
ENGINE = InnoDB;


-- -----------------------------------------------------
-- Table `mydb`.`alquiler_cliente`
-- -----------------------------------------------------
CREATE TABLE IF NOT EXISTS `mydb`.`alquiler_cliente` (
  `cedula_cliente_alquiler` VARCHAR(15) NOT NULL,
  `id_alquiler_cliente` VARCHAR(15) NOT NULL,
  INDEX `cedula_cliente_alquiler_idx` (`cedula_cliente_alquiler` ASC) VISIBLE,
  INDEX `id_alquiler_cliente_idx` (`id_alquiler_cliente` ASC) VISIBLE,
  CONSTRAINT `cedula_cliente_alquiler`
    FOREIGN KEY (`cedula_cliente_alquiler`)
    REFERENCES `mydb`.`cliente` (`cedula_cliente`)
    ON DELETE NO ACTION
    ON UPDATE NO ACTION,
  CONSTRAINT `id_alquiler_cliente`
    FOREIGN KEY (`id_alquiler_cliente`)
    REFERENCES `mydb`.`alquiler` (`id_alquiler`)
    ON DELETE NO ACTION
    ON UPDATE NO ACTION)
ENGINE = InnoDB;


-- -----------------------------------------------------
-- Table `mydb`.`compra`
-- -----------------------------------------------------
CREATE TABLE IF NOT EXISTS `mydb`.`compra` (
  `id_compra` VARCHAR(15) NOT NULL,
  `valor_compra` VARCHAR(30) NOT NULL,
  `id_inmueble_compra` VARCHAR(15) NOT NULL,
  `cedula_asesor_compra` VARCHAR(15) NOT NULL,
  PRIMARY KEY (`id_compra`),
  INDEX `id_inmueble_compra_idx` (`id_inmueble_compra` ASC) VISIBLE,
  INDEX `cedula_asesor_compra_idx` (`cedula_asesor_compra` ASC) VISIBLE,
  CONSTRAINT `id_inmueble_compra`
    FOREIGN KEY (`id_inmueble_compra`)
    REFERENCES `mydb`.`inmueble` (`id_inmueble`)
    ON DELETE NO ACTION
    ON UPDATE NO ACTION,
  CONSTRAINT `cedula_asesor`
    FOREIGN KEY (`cedula_asesor_compra`)
    REFERENCES `mydb`.`asesor` (`cedula_asesor`)
    ON DELETE NO ACTION
    ON UPDATE NO ACTION)
ENGINE = InnoDB;


-- -----------------------------------------------------
-- Table `mydb`.`compra_cliente`
-- -----------------------------------------------------
CREATE TABLE IF NOT EXISTS `mydb`.`compra_cliente` (
  `cedula_cliente_compra` VARCHAR(15) NOT NULL,
  `id_compra_cliente` VARCHAR(15) NOT NULL,
  INDEX `cedula_cliente_compra_idx` (`cedula_cliente_compra` ASC) VISIBLE,
  INDEX `id_compra_cliente_idx` (`id_compra_cliente` ASC) VISIBLE,
  CONSTRAINT `cedula_cliente_compra`
    FOREIGN KEY (`cedula_cliente_compra`)
    REFERENCES `mydb`.`cliente` (`cedula_cliente`)
    ON DELETE NO ACTION
    ON UPDATE NO ACTION,
  CONSTRAINT `id_compra_cliente`
    FOREIGN KEY (`id_compra_cliente`)
    REFERENCES `mydb`.`compra` (`id_compra`)
    ON DELETE NO ACTION
    ON UPDATE NO ACTION)
ENGINE = InnoDB;


-- -----------------------------------------------------
-- Table `mydb`.`telefono_asesor`
-- -----------------------------------------------------
CREATE TABLE IF NOT EXISTS `mydb`.`telefono_asesor` (
  `cedula_asesor_telefono` VARCHAR(15) NOT NULL,
  `numero_telefono_asesor` VARCHAR(15) NOT NULL,
  PRIMARY KEY (`cedula_asesor_telefono`, `numero_telefono_asesor`),
  CONSTRAINT `cedula_asesor_telefono`
    FOREIGN KEY (`cedula_asesor_telefono`)
    REFERENCES `mydb`.`asesor` (`cedula_asesor`)
    ON DELETE NO ACTION
    ON UPDATE NO ACTION)
ENGINE = InnoDB;


-- -----------------------------------------------------
-- Data for table `mydb`.`propietario`
-- -----------------------------------------------------
START TRANSACTION;
USE `mydb`;
INSERT INTO `mydb`.`propietario` (`cedula_propietario`, `nombre_propietario`, `correo_propietario`) VALUES ('100', 'Daniel Castellanos', 'danielcas@gmail.com');
INSERT INTO `mydb`.`propietario` (`cedula_propietario`, `nombre_propietario`, `correo_propietario`) VALUES ('200', 'Pedro Fuentes', 'fuentes@outlook.com');
INSERT INTO `mydb`.`propietario` (`cedula_propietario`, `nombre_propietario`, `correo_propietario`) VALUES ('300', 'Sandra Garcia', 'sandragarcia@gmail.com');
INSERT INTO `mydb`.`propietario` (`cedula_propietario`, `nombre_propietario`, `correo_propietario`) VALUES ('400', 'Lorena Moreno', 'loremoreno@hotmail.com');
INSERT INTO `mydb`.`propietario` (`cedula_propietario`, `nombre_propietario`, `correo_propietario`) VALUES ('500', 'Jeison Mendoza', 'jeisonmendoza@gmail.com');

COMMIT;


-- -----------------------------------------------------
-- Data for table `mydb`.`telefono_propietario`
-- -----------------------------------------------------
START TRANSACTION;
USE `mydb`;
INSERT INTO `mydb`.`telefono_propietario` (`cedula_propietario_telefono`, `numero_telefono_propietario`) VALUES ('100', '315123123');
INSERT INTO `mydb`.`telefono_propietario` (`cedula_propietario_telefono`, `numero_telefono_propietario`) VALUES ('200', '320321321');
INSERT INTO `mydb`.`telefono_propietario` (`cedula_propietario_telefono`, `numero_telefono_propietario`) VALUES ('300', '311456456');
INSERT INTO `mydb`.`telefono_propietario` (`cedula_propietario_telefono`, `numero_telefono_propietario`) VALUES ('400', '318654654');
INSERT INTO `mydb`.`telefono_propietario` (`cedula_propietario_telefono`, `numero_telefono_propietario`) VALUES ('500', '322789789');

COMMIT;


-- -----------------------------------------------------
-- Data for table `mydb`.`inmueble`
-- -----------------------------------------------------
START TRANSACTION;
USE `mydb`;
INSERT INTO `mydb`.`inmueble` (`id_inmueble`, `disponibilidad_inmueble`, `Estado_inmueble`, `precio_alquiler`, `precio_venta`, `precio_propietario`, `numero_pisos`, `area`, `estrato`, `departamento_inmueble`, `ciudad_inmueble`, `comuna/barrio_inmueble`, `codigo_postal_inmueble`, `complemento_inmueble`) VALUES ('1', 'disponible', 'nuevo', '1000000', '150000000', '125000000', '2', '100 m2', '3', 'Norte de santander', 'cucuta', 'san luis', '1234', 'av 3');
INSERT INTO `mydb`.`inmueble` (`id_inmueble`, `disponibilidad_inmueble`, `Estado_inmueble`, `precio_alquiler`, `precio_venta`, `precio_propietario`, `numero_pisos`, `area`, `estrato`, `departamento_inmueble`, `ciudad_inmueble`, `comuna/barrio_inmueble`, `codigo_postal_inmueble`, `complemento_inmueble`) VALUES ('2', 'disponible', 'usado', '800000', '100000000', '85000000', '1', '100 m2', '2', 'Santader', 'bucaramanga', 'ciudad venecia', '1122', 'cll 3');
INSERT INTO `mydb`.`inmueble` (`id_inmueble`, `disponibilidad_inmueble`, `Estado_inmueble`, `precio_alquiler`, `precio_venta`, `precio_propietario`, `numero_pisos`, `area`, `estrato`, `departamento_inmueble`, `ciudad_inmueble`, `comuna/barrio_inmueble`, `codigo_postal_inmueble`, `complemento_inmueble`) VALUES ('3', 'no disponible', 'usado', '1200000', '180000000', '150000000', '2', '150 m2', '3', 'Antioquia', 'envigado', 'el portal', '2222', 'av 5');
INSERT INTO `mydb`.`inmueble` (`id_inmueble`, `disponibilidad_inmueble`, `Estado_inmueble`, `precio_alquiler`, `precio_venta`, `precio_propietario`, `numero_pisos`, `area`, `estrato`, `departamento_inmueble`, `ciudad_inmueble`, `comuna/barrio_inmueble`, `codigo_postal_inmueble`, `complemento_inmueble`) VALUES ('4', 'no disponible', 'nuevo', '2000000', '250000000', '200000000', '3', '180 m2', '3', 'Cundinamarca', 'bogota', 'chapinero', '7894', 'carrera 10');
INSERT INTO `mydb`.`inmueble` (`id_inmueble`, `disponibilidad_inmueble`, `Estado_inmueble`, `precio_alquiler`, `precio_venta`, `precio_propietario`, `numero_pisos`, `area`, `estrato`, `departamento_inmueble`, `ciudad_inmueble`, `comuna/barrio_inmueble`, `codigo_postal_inmueble`, `complemento_inmueble`) VALUES ('5', 'disponible', 'usado', '1800000', '230000000', '200000000', '2', '200 m2', '3', 'Norte de santander', 'cucuta', 'san mateo', '7865', 'av 8');

COMMIT;


-- -----------------------------------------------------
-- Data for table `mydb`.`inmueble_propietario`
-- -----------------------------------------------------
START TRANSACTION;
USE `mydb`;
INSERT INTO `mydb`.`inmueble_propietario` (`id_inmueble_propietario`, `cedula_propietario_inmueble`) VALUES ('1', '100');
INSERT INTO `mydb`.`inmueble_propietario` (`id_inmueble_propietario`, `cedula_propietario_inmueble`) VALUES ('2', '200');
INSERT INTO `mydb`.`inmueble_propietario` (`id_inmueble_propietario`, `cedula_propietario_inmueble`) VALUES ('3', '300');
INSERT INTO `mydb`.`inmueble_propietario` (`id_inmueble_propietario`, `cedula_propietario_inmueble`) VALUES ('4', '400');
INSERT INTO `mydb`.`inmueble_propietario` (`id_inmueble_propietario`, `cedula_propietario_inmueble`) VALUES ('5', '500');

COMMIT;


-- -----------------------------------------------------
-- Data for table `mydb`.`asesor`
-- -----------------------------------------------------
START TRANSACTION;
USE `mydb`;
INSERT INTO `mydb`.`asesor` (`cedula_asesor`, `nombre_asesor`, `salario_asesor`, `correo_asesor`) VALUES ('010', 'Fernando Perez', '2000000', 'fernando@gmail.com');
INSERT INTO `mydb`.`asesor` (`cedula_asesor`, `nombre_asesor`, `salario_asesor`, `correo_asesor`) VALUES ('020', 'Sara Mejia', '1500000', 'sara@gmail.com');
INSERT INTO `mydb`.`asesor` (`cedula_asesor`, `nombre_asesor`, `salario_asesor`, `correo_asesor`) VALUES ('030', 'Alejandro Carrera', '2200000', 'carrera@gmai.com');
INSERT INTO `mydb`.`asesor` (`cedula_asesor`, `nombre_asesor`, `salario_asesor`, `correo_asesor`) VALUES ('040', 'Cesar Noriega', '1800000', 'cesar@gmail.com');
INSERT INTO `mydb`.`asesor` (`cedula_asesor`, `nombre_asesor`, `salario_asesor`, `correo_asesor`) VALUES ('050', 'Vicente Vasquez', '3000000', 'vicente@gmail.com');

COMMIT;


-- -----------------------------------------------------
-- Data for table `mydb`.`solicitud_visita`
-- -----------------------------------------------------
START TRANSACTION;
USE `mydb`;
INSERT INTO `mydb`.`solicitud_visita` (`id_visita`, `fecha_visita`, `id_inmueble_visita`, `cedula_asesor_visita`) VALUES ('1', '02/02/22', '1', '010');
INSERT INTO `mydb`.`solicitud_visita` (`id_visita`, `fecha_visita`, `id_inmueble_visita`, `cedula_asesor_visita`) VALUES ('2', '03/03/22', '2', '020');
INSERT INTO `mydb`.`solicitud_visita` (`id_visita`, `fecha_visita`, `id_inmueble_visita`, `cedula_asesor_visita`) VALUES ('3', '04/04/22', '3', '030');
INSERT INTO `mydb`.`solicitud_visita` (`id_visita`, `fecha_visita`, `id_inmueble_visita`, `cedula_asesor_visita`) VALUES ('4', '05/05/22', '4', '040');
INSERT INTO `mydb`.`solicitud_visita` (`id_visita`, `fecha_visita`, `id_inmueble_visita`, `cedula_asesor_visita`) VALUES ('5', '06/06/22', '5', '050');

COMMIT;


-- -----------------------------------------------------
-- Data for table `mydb`.`cliente`
-- -----------------------------------------------------
START TRANSACTION;
USE `mydb`;
INSERT INTO `mydb`.`cliente` (`cedula_cliente`, `nombre_cliente`, `correo_cliente`, `ingresos`, `ciudad_cliente`, `complemento_cliente`) VALUES ('001', 'Pablo Peñaloza', 'pablo@gmail.com', '5000000', 'Cucuta', 'av 4');
INSERT INTO `mydb`.`cliente` (`cedula_cliente`, `nombre_cliente`, `correo_cliente`, `ingresos`, `ciudad_cliente`, `complemento_cliente`) VALUES ('002', 'Diego Medina', 'diego@gamil.com', '2500000', 'Medellin', 'av 9');
INSERT INTO `mydb`.`cliente` (`cedula_cliente`, `nombre_cliente`, `correo_cliente`, `ingresos`, `ciudad_cliente`, `complemento_cliente`) VALUES ('003', 'Dario Prada', 'darioprada@yahoo.com', '2000000', 'Bogota', 'cll 10');
INSERT INTO `mydb`.`cliente` (`cedula_cliente`, `nombre_cliente`, `correo_cliente`, `ingresos`, `ciudad_cliente`, `complemento_cliente`) VALUES ('004', 'Mario Bross', 'mario@nintendo.com', '9999999', 'Bucaramanga', 'cll 8');
INSERT INTO `mydb`.`cliente` (`cedula_cliente`, `nombre_cliente`, `correo_cliente`, `ingresos`, `ciudad_cliente`, `complemento_cliente`) VALUES ('005', 'Viviana Osorio', 'viviosorio@gmail.com', '4500000', 'cali', 'carrera 25');

COMMIT;


-- -----------------------------------------------------
-- Data for table `mydb`.`telefono_cliente`
-- -----------------------------------------------------
START TRANSACTION;
USE `mydb`;
INSERT INTO `mydb`.`telefono_cliente` (`cedula_cliente_telefono`, `numero_telefono_cliente`) VALUES ('001', '548455845');
INSERT INTO `mydb`.`telefono_cliente` (`cedula_cliente_telefono`, `numero_telefono_cliente`) VALUES ('002', '559425265');
INSERT INTO `mydb`.`telefono_cliente` (`cedula_cliente_telefono`, `numero_telefono_cliente`) VALUES ('003', '664568335');
INSERT INTO `mydb`.`telefono_cliente` (`cedula_cliente_telefono`, `numero_telefono_cliente`) VALUES ('004', '455625858');
INSERT INTO `mydb`.`telefono_cliente` (`cedula_cliente_telefono`, `numero_telefono_cliente`) VALUES ('005', '528526565');

COMMIT;


-- -----------------------------------------------------
-- Data for table `mydb`.`visita_cliente`
-- -----------------------------------------------------
START TRANSACTION;
USE `mydb`;
INSERT INTO `mydb`.`visita_cliente` (`id_visita_cliente`, `cedula_cliente_visita`) VALUES ('1', '001');
INSERT INTO `mydb`.`visita_cliente` (`id_visita_cliente`, `cedula_cliente_visita`) VALUES ('2', '002');
INSERT INTO `mydb`.`visita_cliente` (`id_visita_cliente`, `cedula_cliente_visita`) VALUES ('3', '003');
INSERT INTO `mydb`.`visita_cliente` (`id_visita_cliente`, `cedula_cliente_visita`) VALUES ('4', '004');
INSERT INTO `mydb`.`visita_cliente` (`id_visita_cliente`, `cedula_cliente_visita`) VALUES ('5', '005');

COMMIT;


-- -----------------------------------------------------
-- Data for table `mydb`.`alquiler`
-- -----------------------------------------------------
START TRANSACTION;
USE `mydb`;
INSERT INTO `mydb`.`alquiler` (`id_alquiler`, `valor_alquiler`, `id_inmueble_alquiler`, `cedula_asesor_alquiler`) VALUES ('1', '1000000', '1', '010');
INSERT INTO `mydb`.`alquiler` (`id_alquiler`, `valor_alquiler`, `id_inmueble_alquiler`, `cedula_asesor_alquiler`) VALUES ('2', '800000', '2', '020');
INSERT INTO `mydb`.`alquiler` (`id_alquiler`, `valor_alquiler`, `id_inmueble_alquiler`, `cedula_asesor_alquiler`) VALUES ('3', '1200000', '3', '030');
INSERT INTO `mydb`.`alquiler` (`id_alquiler`, `valor_alquiler`, `id_inmueble_alquiler`, `cedula_asesor_alquiler`) VALUES ('4', '2000000', '4', '040');
INSERT INTO `mydb`.`alquiler` (`id_alquiler`, `valor_alquiler`, `id_inmueble_alquiler`, `cedula_asesor_alquiler`) VALUES ('5', '1800000', '5', '050');

COMMIT;


-- -----------------------------------------------------
-- Data for table `mydb`.`alquiler_cliente`
-- -----------------------------------------------------
START TRANSACTION;
USE `mydb`;
INSERT INTO `mydb`.`alquiler_cliente` (`cedula_cliente_alquiler`, `id_alquiler_cliente`) VALUES ('001', '1');
INSERT INTO `mydb`.`alquiler_cliente` (`cedula_cliente_alquiler`, `id_alquiler_cliente`) VALUES ('002', '2');
INSERT INTO `mydb`.`alquiler_cliente` (`cedula_cliente_alquiler`, `id_alquiler_cliente`) VALUES ('003', '3');
INSERT INTO `mydb`.`alquiler_cliente` (`cedula_cliente_alquiler`, `id_alquiler_cliente`) VALUES ('004', '4');
INSERT INTO `mydb`.`alquiler_cliente` (`cedula_cliente_alquiler`, `id_alquiler_cliente`) VALUES ('005', '5');

COMMIT;


-- -----------------------------------------------------
-- Data for table `mydb`.`compra`
-- -----------------------------------------------------
START TRANSACTION;
USE `mydb`;
INSERT INTO `mydb`.`compra` (`id_compra`, `valor_compra`, `id_inmueble_compra`, `cedula_asesor_compra`) VALUES ('1', '150000000', '1', '010');
INSERT INTO `mydb`.`compra` (`id_compra`, `valor_compra`, `id_inmueble_compra`, `cedula_asesor_compra`) VALUES ('2', '100000000', '2', '020');
INSERT INTO `mydb`.`compra` (`id_compra`, `valor_compra`, `id_inmueble_compra`, `cedula_asesor_compra`) VALUES ('3', '180000000', '3', '030');
INSERT INTO `mydb`.`compra` (`id_compra`, `valor_compra`, `id_inmueble_compra`, `cedula_asesor_compra`) VALUES ('4', '250000000', '4', '040');
INSERT INTO `mydb`.`compra` (`id_compra`, `valor_compra`, `id_inmueble_compra`, `cedula_asesor_compra`) VALUES ('5', '230000000', '5', '050');

COMMIT;


-- -----------------------------------------------------
-- Data for table `mydb`.`compra_cliente`
-- -----------------------------------------------------
START TRANSACTION;
USE `mydb`;
INSERT INTO `mydb`.`compra_cliente` (`cedula_cliente_compra`, `id_compra_cliente`) VALUES ('001', '1');
INSERT INTO `mydb`.`compra_cliente` (`cedula_cliente_compra`, `id_compra_cliente`) VALUES ('002', '2');
INSERT INTO `mydb`.`compra_cliente` (`cedula_cliente_compra`, `id_compra_cliente`) VALUES ('003', '3');
INSERT INTO `mydb`.`compra_cliente` (`cedula_cliente_compra`, `id_compra_cliente`) VALUES ('004', '4');
INSERT INTO `mydb`.`compra_cliente` (`cedula_cliente_compra`, `id_compra_cliente`) VALUES ('005', '5');

COMMIT;


-- -----------------------------------------------------
-- Data for table `mydb`.`telefono_asesor`
-- -----------------------------------------------------
START TRANSACTION;
USE `mydb`;
INSERT INTO `mydb`.`telefono_asesor` (`cedula_asesor_telefono`, `numero_telefono_asesor`) VALUES ('010', '251656516');
INSERT INTO `mydb`.`telefono_asesor` (`cedula_asesor_telefono`, `numero_telefono_asesor`) VALUES ('020', '165165155');
INSERT INTO `mydb`.`telefono_asesor` (`cedula_asesor_telefono`, `numero_telefono_asesor`) VALUES ('030', '846546595');
INSERT INTO `mydb`.`telefono_asesor` (`cedula_asesor_telefono`, `numero_telefono_asesor`) VALUES ('040', '655895525');
INSERT INTO `mydb`.`telefono_asesor` (`cedula_asesor_telefono`, `numero_telefono_asesor`) VALUES ('050', '161616525');

COMMIT;


SET SQL_MODE=@OLD_SQL_MODE;
SET FOREIGN_KEY_CHECKS=@OLD_FOREIGN_KEY_CHECKS;
SET UNIQUE_CHECKS=@OLD_UNIQUE_CHECKS;
